Model,Median,Mean,Standard Deviation
aerial with default prompt,0.07692307692307693,0.07129786879786879,0.04731126461165153
aerial with image prompt,0.08571428571428572,0.08413086913086913,0.07298368546215532
