,geoguessr,tourist,aerial
geoguessr,1.0,1.0,0.0
tourist,0.01900195936542713,1.0,0.0
aerial,0.9947438867893013,0.9962472314989456,1.0
