Model,Median,Mean,Standard Deviation,t-test-value
default_prompt,0.0714285714285714,0.07357142857142854,0.05809914116475071,-0.7710771772952206
image_from_prompt,0.0714285714285714,0.07785714285714283,0.05973581293444305,-0.7710771772952206
