Model,Median,Mean,Standard Deviation
Bigfoto Dataset,0.3333333333333333,0.3309718111977999,0.02746313488595544
AerialMap Dataset,0.0,0.011111111111111112,0.024845199749997663
