Model,Median,Mean,Standard Deviation
Bigfoto Dataset,0.36904761904761907,0.3640704869518429,0.02642332564850073
AerialMap Dataset,0.0,0.03703703703703704,0.045662325947918345
