Model,Median,Mean,Standard Deviation
geoguessr with default prompt,0.3691250351428327,0.3674616316889966,0.019392575233285445
geoguessr with image prompt,0.4164484846050345,0.40687153717717706,0.020210260956460575
