Model,Median,Mean,Standard Deviation
Bigfoto Dataset,0.3611111111111111,0.35554359848145156,0.035465627138456794
AerialMap Dataset,0.0,0.025925925925925925,0.03937091041753574
