Model,Median,Mean,Standard Deviation,t-test-value
default_prompt,0.34366165070679433,0.3454399224806201,0.02109492278233199,-14.335757041019459
image_from_prompt,0.3767441860465116,0.3765635544915641,0.022417410599767765,-14.335757041019459
