Model,Median,Mean,Standard Deviation,t-test-value
default_prompt,0.4304347826086956,0.431421001552795,0.03599496300514653,-3.495867238363376
image_from_prompt,0.4434782608695652,0.4444836956521739,0.03510869887142486,-3.495867238363376
