,geoguessr,tourist,aerial
geoguessr,1.0,0.999930238880864,0.0
tourist,0.0,1.0,0.0
aerial,0.9949143829158908,0.9957416865472509,1.0
