Model,Median,Mean,Standard Deviation
tourist with default prompt,0.4368640379509945,0.44123647858754744,0.04239671883765639
tourist with image prompt,0.4700684380032206,0.46007693606306094,0.0495946724806254
